CREATE DATABASE QUANLYTHUCTAP
USE QUANLYTHUCTAP
CREATE TABLE SINHVIEN(
	MASV CHAR(5) NOT NULL,
	TEN NVARCHAR(50),
	QUEQUAN NVARCHAR(50),
	NGAYSINH DATE,
	HOCLUC REAL
	PRIMARY KEY(MASV)
)
CREATE TABLE DETAI(
	MADT CHAR(5) NOT NULL,
	TEN NVARCHAR(50),
	CNDETAI NVARCHAR(50),
	KINHPHI INT
	PRIMARY KEY(MADT)
)
CREATE TABLE SINHVIEN_DETAI(
	MASV CHAR(5),
	MADT CHAR(5),
	NOITHUCTAP NVARCHAR(50),
	QUANGDUONG INT,
	KETQUA REAL
	PRIMARY KEY (MASV,MADT)
)
--CAU1A
ALTER TABLE SINHVIEN_DETAI
ADD CONSTRAINT FK_SINHVIEN_DETAI_SINHVIEN FOREIGN KEY (MASV) REFERENCES SINHVIEN(MASV)
ALTER TABLE SINHVIEN_DETAI
ADD CONSTRAINT FK_SINHVIEN_DETAI_DETAI FOREIGN KEY (MADT) REFERENCES DETAI(MADT)

--CAU1B
ALTER TABLE DETAI
ADD CONSTRAINT DF_KINHPHI DEFAULT (0) FOR KINHPHI

--CAU1C
ALTER TABLE SINHVIEN
ADD CONSTRAINT CHECK_HOCLUC CHECK (HOCLUC <= 10 AND HOCLUC>=0)
ALTER TABLE SINHVIEN_DETAI
ADD CONSTRAINT CHECK_KETQUA CHECK (KETQUA <= 10 AND KETQUA>=0)
ALTER TABLE DETAI
ADD CONSTRAINT CHECK_KINHPHI CHECK(KINHPHI<100000000)

--CAU1D
SET DATEFORMAT MDY
INSERT INTO SINHVIEN VALUES 
('SV001', N'NGUYỄN THỊ A', N'BÌNH ĐỊNH', '5/27/1999', 8),
('SV002', N'NGUYỄN VĂN B', N'TIỀN GIANG', '3/28/1999', 7.5),
('SV003', N'TRẦN QUANG C', N'TP HỒ CHÍ MINH', '7/9/2002', 9),
('SV004', N'LÊ MINH D', N'HÀ NỘI', '5/25/2001', 6),
('SV005', N'VÕ TRƯƠNG E', N'HẢI PHÒNG', '10/24/2001', 6)

INSERT INTO DETAI VALUES
('DT001',N'QUẢN LÝ KHÁCH SẠN', N'TRẦN QUỐC F', '8000000'),
('DT002',N'THỰC TẬP', 'LÊ THỊ G', N'10000000'),
('DT003',N'ĐỒ ÁN TỐT NGHIỆP', N'LÝ VĨNH H', '15000000'),
('DT004',N'XÂY DỰNG CHUỖI CỬA HÀNG', N'PHẠM THANH I', '50000000'),
('DT005',N'NGHIÊN CỨU SINH VẬT BIỂN', N'LÂM THÁI J', '60000000')

INSERT INTO SINHVIEN_DETAI VALUES
('SV001','DT005',N'BÌNH DƯƠNG', '300',8.4),
('SV002','DT004',N'QUẢNG NGÃI', '475',9),
('SV003','DT002',N'NAM ĐỊNH', '360',8.2),
('SV004','DT003',N'BÌNH PHƯỚC', '579',10),
('SV005','DT001',N'TIỀN GIANG', '895',5.5)
-- CAU2
-- a
CREATE VIEW CAU2A 
AS
SELECT *, YEAR(GETDATE()) - YEAR(NGAYSINH) AS N'TUỔI'
FROM SINHVIEN
WHERE YEAR(GETDATE()) - YEAR(NGAYSINH) <=20 AND HOCLUC>8.5
-- B
CREATE VIEW CAU2B
AS 
SELECT *
FROM DETAI
WHERE KINHPHI > 1000000
--C
CREATE VIEW CAU2C
AS 
SELECT S.MASV, S.TEN, KETQUA, HOCLUC, YEAR(GETDATE()) - YEAR(NGAYSINH) AS N'TUỔI',D.MADT
FROM SINHVIEN S, SINHVIEN_DETAI D
WHERE YEAR(GETDATE()) - YEAR(NGAYSINH) <=20 AND HOCLUC>8 AND KETQUA>8 AND S.MASV = D.MASV
--D
CREATE VIEW CAU2D
AS 
SELECT CNDETAI
FROM DETAI
WHERE MADT IN
(SELECT MADT FROM SINHVIEN_DETAI D, SINHVIEN S WHERE S.MASV = D.MASV AND QUEQUAN = N'TP HỒ CHÍ MINH')
-- E
CREATE VIEW CAU2E
AS 
SELECT *
FROM SINHVIEN
WHERE YEAR(NGAYSINH) <1980 AND QUEQUAN = N'HẢI PHÒNG'
-- CAU F
CREATE VIEW CAU2F
AS 
SELECT AVG(HOCLUC) AS N'ĐIỂM TRUNG BÌNH SV HÀ NỘI'
FROM SINHVIEN
WHERE QUEQUAN = N'HÀ NỘI'
GROUP BY QUEQUAN
-- CAU G
CREATE VIEW CAU2G
AS
SELECT TEN,D.MADT, COUNT(MASV) AS N'SỐ NGƯỜI ĐĂNG KÝ'
FROM SINHVIEN_DETAI S, DETAI D
WHERE S.MADT = 'DT005' AND S.MADT = D.MADT
GROUP BY D.MADT,TEN
-- CAU H
CREATE VIEW CAU2H
AS
SELECT QUEQUAN, COUNT(MASV) AS N'SỐ SINH VIÊN'
FROM SINHVIEN
GROUP BY QUEQUAN

-- CAU 3
-- CAU A
SELECT D.TEN, D.MADT, COUNT(MASV) AS N'SỐ SINH VIÊN'
FROM SINHVIEN_DETAI S, DETAI D
WHERE S.MADT=D.MADT
GROUP BY D.TEN, D.MADT

-- CAU B
SELECT MASV,TEN,HOCLUC,QUEQUAN
FROM SINHVIEN
WHERE HOCLUC >= (SELECT MAX(HOCLUC) FROM SINHVIEN WHERE QUEQUAN = N'TP HỒ CHÍ MINH' GROUP BY QUEQUAN) AND QUEQUAN != N'TP HỒ CHÍ MINH'

-- CAU C
UPDATE SINHVIEN_DETAI
SET KETQUA = (SELECT CASE WHEN KETQUA + 2 >10 THEN 10 ELSE KETQUA +2 END) 
FROM SINHVIEN_DETAI D, SINHVIEN S
WHERE D.MASV = S.MASV AND QUEQUAN = N'LÂM ĐỒNG' 

--CAU D
SELECT S.MASV, TEN, NOITHUCTAP, QUEQUAN
FROM SINHVIEN S, SINHVIEN_DETAI D
WHERE S.MASV=D.MASV AND NOITHUCTAP = QUEQUAN
-- CAU E
SELECT MADT, TEN
FROM DETAI
WHERE MADT NOT IN
(SELECT MADT FROM SINHVIEN_DETAI D, SINHVIEN S WHERE S.MASV = D.MASV )
-- CAU F
SELECT MADT, TEN
FROM DETAI
WHERE MADT IN (SELECT MADT FROM SINHVIEN_DETAI D, SINHVIEN S WHERE S.MASV = D.MASV AND S.HOCLUC IN (SELECT MAX(HOCLUC) FROM SINHVIEN))
--CAU G
SELECT MADT, TEN
FROM DETAI
WHERE MADT IN (SELECT MADT FROM SINHVIEN_DETAI D, SINHVIEN S WHERE S.MASV = D.MASV AND S.HOCLUC NOT IN (SELECT MIN(HOCLUC) FROM SINHVIEN))
--CAU H
SELECT S.MASV,S.TEN, KINHPHI
FROM SINHVIEN S, SINHVIEN_DETAI DS, DETAI D
WHERE S.MASV = DS.MASV AND DS.MADT = D.MADT AND KINHPHI > (SELECT SUM(KINHPHI)/5 FROM DETAI)
-- CAU I
SELECT S.MASV,S.TEN, HOCLUC
FROM SINHVIEN S 
WHERE HOCLUC > (SELECT AVG(KETQUA) FROM SINHVIEN_DETAI WHERE MADT='DT001')

ALTER TABLE SINHVIEN
DROP CONSTRAINT CHECK_HOCLUC

ALTER TABLE SINHVIEN
ALTER COLUMN HOCLUC INT