CREATE DATABASE QLNV
USE QLNV
CREATE TABLE PHONG (
MAPHONG CHAR(3),
TENPHONG NVARCHAR(40),
DIACHI NVARCHAR(50),
TEL CHAR(10)
PRIMARY KEY(MAPHONG)
)
CREATE TABLE  DMNN(
MANN CHAR(2),
TENNN NVARCHAR(20),
PRIMARY KEY (MANN)
)
CREATE TABLE NHANVIEN(
MANV CHAR(5),
HOTEN NVARCHAR(40),
GIOITINH CHAR(3),
NGAYSINH DATE,
LUONG INT,
MAPHONG CHAR(3),
SDT CHAR(10),
NGAYBC DATE,
PRIMARY KEY (MANV)
)
CREATE TABLE TDNN(
MANV CHAR(5),
MANN CHAR(2),
TDO CHAR(1)
PRIMARY KEY (MANV,MANN)
)
ALTER TABLE NHANVIEN
ADD CONSTRAINT FK_NHANVIEN_PHONG FOREIGN KEY (MAPHONG) REFERENCES PHONG(MAPHONG)
ALTER TABLE TDNN
ADD CONSTRAINT FK_TDNN_NHANVIEN FOREIGN KEY(MANV) REFERENCES NHANVIEN(MANV)
ALTER TABLE TDNN
ADD CONSTRAINT FK_TDNN_DMNN FOREIGN KEY (MANN) REFERENCES DMNN(MANN)
INSERT INTO PHONG VALUES
('HCA', N'HÀNH CHÍNH TỔ HỢP', N'123, LÁNG HẠ, ĐỐNG ĐA, HÀ NỘI', '048585793'),
('KDA', N'KINH DOANH', N'123, LÁNG HẠ, ĐỐNG ĐA, HÀ NỘI', '048574943'),
('KTA', N'KỸ THUẬT', N'123, LÁNG HẠ, ĐỐNG ĐA, HÀ NỘI', '049480845'),
('QTA', N'QUẢN TRỊ', N'123, LÁNG HẠ, ĐỐNG ĐA, HÀ NỘI', '048508585')
INSERT INTO DMNN VALUES
('01',N'ANH'),
('02',N'NGA'),
('03',N'PHÁP'),
('04',N'NHẬT'),
('05',N'TRUNG QUỐC'),
('06',N'HÀN QUỐC')
SET DATEFORMAT MDY
INSERT INTO NHANVIEN VALUES
('HC001',N'Nguyễn Thị Hà','Nu','8/27/1950', 2500000,'HCA','','2/8/1975'),
('HC002',N'Trần Văn Nam','Nam','6/12/1975 ', 3000000 ,'HCA','','6/8/1997'),
('HC003',N'Nguyễn Thanh Huyền','Nu','7/3/1978', 1500000,'HCA','','9/24/1999'),
('KD001',N'Lê Tuyết Anh','Nu',' 2/3/1977', 2500000,'KDA','','10/2/2001'),
('KD002',N'Nguyễn Anh Tú','Nam','7/4/1942', 2600000,'KDA','','9/24/1999'),
('KD003',N'Phạm An Thái','Nam','5/9/1977', 1600000,'KDA','','9/24/1999'),
('KD004',N'Lê Văn Hải', 'Nam','8/27/1950', 2500000,'KDA','','6/8/1997'),
('KD005', N'Nguyễn Phương Minh', 'Nam', '1/2/1980', 2000000 ,'KDA','','10/2/2001'),
('KT001', N'Trần Đình Khâm', 'Nam', '12/2/1981', 2700000, 'KTA','', '1/1/2005'),
('KT002', N'Nguyễn Mạnh Hùng','Nam', '8/16/1980', 2300000, 'KTA','' ,'1/1/2005'),
('KT003', N'Phạm Thanh Sơn', 'Nam', '8/20/1984', 2000000, 'KTA','', '1/1/2005'),
('KT004', N'Vũ Thị Hoài','Nu', '12/5/1980', 2500000 ,'KTA' ,'', '10/2/2001'),
('KT005', N'Nguyễn Thu Lan', 'Nu', '10/5/1977', 3000000, 'KTA','', '10/2/2001'),
('KT006', N'Trần Hoài Nam', 'Nam', '7/2/1978', 2800000, 'KTA','','6/8/1997'),
('KT007', N'Hoàng Nam Sơn', 'Nam', '12/3/1940', 3000000, 'KTA','', '7/2/1965'),
('KT008', N'Lê Thu Trang','Nu' ,'7/6/1950', 2500000, 'KTA','', '8/2/1968'),
('KT009', N'Khúc Nam Hải', 'Nam', '7/22/1980', 2000000, 'KTA','', '1/1/2005'),
('KT010', N'Phùng Trung Dũng', 'Nam', '8/28/1978', 2200000,'KTA','', '9/24/1999')
INSERT INTO TDNN VALUES
('HC001', '01', 'A'),
('KD004', '05', 'A'),
('HC001', '02', 'B'), 
('KD005', '01', 'B'),
('HC002', '01', 'C'), 
('KD005', '02', 'D'),
('HC002', '03', 'C'),
('KD005', '03', 'B'),
('HC003', '01', 'D'), 
('KD005', '04', 'B'),
('KD001', '01', 'C'), 
('KT001', '01', 'D'),
('KD001', '02', 'B'),
('KT001', '04', 'E'),
('KD002', '01', 'D'),
('KT002', '01', 'C'),
('KD002', '02', 'A'),
('KT002', '02', 'B'),
('KD003', '01', 'B'),
('KT003', '01', 'D'),
('KD003', '02', 'C'),
('KT003', '03', 'C'),
('KD004', '01', 'C'),
('KT004', '01', 'D'),
('KD004', '04', 'A'),
('KT005', '01', 'C')
--- CAU 11
SELECT HOTEN, GIOITINH, MAPHONG, YEAR(GETDATE()) - YEAR(NGAYSINH) AS TUOI
FROM NHANVIEN
WHERE (GIOITINH='Nam'AND YEAR(GETDATE()) - YEAR(NGAYSINH) > 60) OR (GIOITINH='Nu'AND YEAR(GETDATE()) - YEAR(NGAYSINH) > 55) 
--- CAU 12
SELECT TENPHONG, MAPHONG, TEL
FROM PHONG
-- CAU 13
SELECT TOP(2) HOTEN, NGAYSINH, NGAYBC
FROM NHANVIEN
-- CAU 14
SELECT MANV, HOTEN, NGAYSINH, LUONG
FROM NHANVIEN 
WHERE LUONG BETWEEN 2000000 AND 3000000
-- CAU 15
SELECT *
FROM NHANVIEN
WHERE SDT IS NULL
-- CAU 16
SELECT HOTEN, MANV, NGAYSINH
FROM NHANVIEN
WHERE MONTH(NGAYSINH) = 3
-- CAU 17
SELECT HOTEN, MANV, LUONG
FROM NHANVIEN
ORDER BY LUONG ASC
-- CAU 18
SELECT P.MAPHONG, TENPHONG, AVG(LUONG) AS N'TRUNG BÌNH LƯƠNG'
FROM NHANVIEN N, PHONG P
WHERE P.MAPHONG = 'KDA' AND N.MAPHONG = P.MAPHONG
GROUP BY P.MAPHONG, TENPHONG
-- CAU 19
SELECT COUNT(MANV) AS N'SỐ NHÂN VIÊN', P.MAPHONG, TENPHONG, AVG(LUONG) AS N'TRUNG BÌNH LƯƠNG'
FROM NHANVIEN N, PHONG P
WHERE P.MAPHONG = 'KDA' AND N.MAPHONG = P.MAPHONG
GROUP BY P.MAPHONG, TENPHONG
-- CAU 20
SELECT SUM(LUONG) AS N'TỔNG LƯƠNG', P.MAPHONG, TENPHONG
FROM NHANVIEN N, PHONG P
WHERE N.MAPHONG = P.MAPHONG
GROUP BY P.MAPHONG, TENPHONG
--CAU 21
SELECT SUM(LUONG) AS N'TỔNG LƯƠNG', P.MAPHONG, TENPHONG
FROM NHANVIEN N, PHONG P
WHERE N.MAPHONG = P.MAPHONG
GROUP BY P.MAPHONG, TENPHONG
HAVING SUM(LUONG)>5000000
-- CAU 22
SELECT MANV, HOTEN, P.MAPHONG, TENPHONG
FROM NHANVIEN N, PHONG P
WHERE N.MAPHONG = P.MAPHONG
-- CAU 23
SELECT *
FROM NHANVIEN
LEFT JOIN PHONG ON PHONG.MAPHONG = NHANVIEN.MAPHONG 
-- CAU 24
SELECT *
FROM PHONG
LEFT JOIN NHANVIEN ON PHONG.MAPHONG = NHANVIEN.MAPHONG 